City,Country,Date,Latitude,Longitude,Cloudiness (%),Humidity (%),Max Temp (F),Wind Speed (mph)
carnarvon,AU,2020-10-19 21:15:19,-24.87,113.63,90,73,70.06999999999996,6.7
bredasdorp,ZA,2020-10-19 21:15:19,-34.53,20.04,93,76,57.469999999999956,5.1
mount gambier,AU,2020-10-19 21:15:20,-37.83,140.77,75,54,59.26999999999996,1.5
gat,IL,2020-10-19 21:15:20,31.61,34.76,31,78,71.86999999999996,1
cape town,ZA,2020-10-19 21:13:26,-33.93,18.42,75,93,59.26999999999996,3.1
taolanaro,,,,,,,,
castro,BR,2020-10-19 21:15:20,-24.79,-50.01,6,97,61.79000000000002,2.84
mataura,NZ,2020-10-19 21:15:20,-46.19,168.86,83,76,52.26799999999999,5.81
conde,BR,2020-10-19 21:15:20,-7.26,-34.91,20,88,73.66999999999996,2.1
mar del plata,AR,2020-10-19 21:14:02,-38,-57.56,0,54,55.66999999999996,5.7
aksu,CN,2020-10-19 21:15:20,41.12,80.26,0,51,46.63399999999999,1.57
ha giang,VN,2020-10-19 21:15:21,22.83,104.98,94,79,67.44200000000001,0.98
bluff,NZ,2020-10-19 21:07:09,-46.6,168.33,54,77,51.27799999999996,5.36
vypolzovo,RU,2020-10-19 21:15:21,57.88,33.7,100,93,33.63800000000005,3.88
touros,BR,2020-10-19 21:15:21,-5.2,-35.46,40,83,77.26999999999995,1.5
sehithwa,BW,2020-10-19 21:15:21,-20.47,22.72,100,21,77.41400000000004,1.09
tasiilaq,GL,2020-10-19 21:15:21,65.61,-37.64,60,92,30.46999999999996,4.1
singkang,MY,2020-10-19 21:15:21,2.1,102.8,20,83,79.06999999999996,1.5
rikitea,PF,2020-10-19 21:15:21,-23.12,-134.97,0,76,74.67799999999997,4.96
jamestown,US,2020-10-19 21:11:31,42.1,-79.24,90,93,53.27599999999999,3.6
mnogovershinnyy,RU,2020-10-19 21:15:22,53.94,139.92,14,85,31.135999999999967,8.41
bilibino,RU,2020-10-19 21:15:22,68.05,166.44,18,93,17.348000000000024,1.46
rio rita,PA,2020-10-19 21:15:22,9.3,-79.79,75,100,77.26999999999995,2.1
shimoda,JP,2020-10-19 21:15:22,34.67,138.95,75,59,66.46999999999997,9.3
husavik,IS,2020-10-19 21:15:22,66.04,-17.34,75,92,30.46999999999996,1.5
mount isa,AU,2020-10-19 21:15:23,-20.73,139.5,0,12,93.46999999999997,4.1
mahebourg,MU,2020-10-19 21:15:23,-20.41,57.7,20,78,73.66999999999996,3.6
vestmanna,FO,2020-10-19 21:15:23,62.16,-7.17,2,75,41.26999999999996,3.1
atar,MR,2020-10-19 21:15:23,20.52,-13.05,0,25,85.17200000000004,3.27
belushya guba,,,,,,,,
maarianhamina,AX,2020-10-19 21:15:24,60.1,19.93,47,93,37.66999999999996,2.6
hobart,AU,2020-10-19 21:12:11,-42.88,147.33,40,58,65.26400000000004,3.1
vaitupu,,,,,,,,
tuktoyaktuk,CA,2020-10-19 21:15:24,69.45,-133.04,90,92,23.26999999999996,6.2
praia da vitoria,PT,2020-10-19 21:15:24,38.73,-27.07,40,77,62.86999999999996,11.94
ribeira grande,PT,2020-10-19 21:15:24,38.52,-28.7,28,69,64.41799999999998,11.88
avarua,CK,2020-10-19 21:15:25,-21.21,-159.78,33,74,80.86999999999996,2.1
morada nova,BR,2020-10-19 21:15:25,-5.11,-38.37,100,75,76.87400000000002,2.97
ust-kamchatsk,,,,,,,,
airai,TL,2020-10-19 21:15:25,-8.93,125.41,1,34,79.05199999999998,1.48
tillabery,,,,,,,,
new norfolk,AU,2020-10-19 21:15:25,-42.78,147.06,56,59,65.26400000000004,0.45
zafarwal,PK,2020-10-19 21:15:26,32.35,74.9,0,82,62.86999999999996,1.43
albany,US,2020-10-19 21:10:56,42.6,-73.97,100,89,56.26400000000004,2.42
jutai,BR,2020-10-19 21:15:26,-5.18,-68.9,42,81,74.53399999999999,0.59
nome,US,2020-10-19 21:15:26,64.5,-165.41,90,93,39.272000000000034,2.1
iqaluit,CA,2020-10-19 21:14:42,63.75,-68.51,75,85,21.469999999999956,2.1
ilulissat,GL,2020-10-19 21:15:26,69.22,-51.1,100,89,37.66999999999996,2.1
biscarrosse,FR,2020-10-19 21:15:26,44.39,-1.17,100,93,57.469999999999956,2.6
kununurra,AU,2020-10-19 21:15:27,-15.77,128.73,2,55,91.66999999999996,3.6
tabou,CI,2020-10-19 21:15:27,4.42,-7.35,100,80,77.792,2.7
barentsburg,,,,,,,,
lorengau,PG,2020-10-19 21:15:27,-2.02,147.27,100,63,86.52200000000005,1.61
aflu,,,,,,,,
yellowknife,CA,2020-10-19 21:15:02,62.46,-114.35,75,73,27.26600000000001,1
codrington,AU,2020-10-19 21:15:27,-38.27,141.97,70,72,57.866000000000014,1.16
illoqqortoormiut,,,,,,,,
coquimbo,CL,2020-10-19 21:13:16,-29.95,-71.34,0,82,55.66999999999996,1.5
atuona,PF,2020-10-19 21:15:27,-9.8,-139.03,3,74,78.83599999999997,8.41
boca do acre,BR,2020-10-19 21:15:28,-8.75,-67.4,100,93,73.34600000000006,0.72
hilo,US,2020-10-19 21:14:10,19.73,-155.09,1,55,86.26999999999995,6.2
blacksburg,US,2020-10-19 21:13:59,37.23,-80.41,1,82,59.26999999999996,2.1
saskylakh,RU,2020-10-19 21:15:28,71.92,114.08,86,97,22.73000000000004,2.14
saint-philippe,RE,2020-10-19 21:15:28,-21.36,55.77,37,60,70.06999999999996,2.1
tiksi,RU,2020-10-19 21:15:28,71.69,128.87,100,92,14.522000000000038,10.65
whitianga,NZ,2020-10-19 21:15:29,-36.83,175.7,100,63,66.00199999999998,4.82
barrow,US,2020-10-19 21:15:20,71.29,-156.79,90,79,25.069999999999958,4.6
poum,NC,2020-10-19 21:15:29,-20.23,164.02,0,72,75.65,4.46
tura,IN,2020-10-19 21:15:29,25.52,90.22,11,89,73.66999999999996,1.48
cherskiy,RU,2020-10-19 21:15:29,68.75,161.3,56,94,21.901999999999973,1.76
kruisfontein,ZA,2020-10-19 21:15:29,-34,24.73,100,72,60.27799999999996,1.79
caravelas,BR,2020-10-19 21:15:30,-17.71,-39.25,100,83,73.16600000000001,1.82
dikson,RU,2020-10-19 21:15:30,73.51,80.55,96,95,24.241999999999997,7.72
puerto quijarro,BO,2020-10-19 21:15:30,-17.78,-57.77,100,88,75.83000000000004,1.43
kavieng,PG,2020-10-19 21:15:30,-2.57,150.8,100,70,84.12799999999996,1.33
samusu,,,,,,,,
punta arenas,CL,2020-10-19 21:12:04,-53.15,-70.92,20,80,39.469999999999956,10.3
yuanping,CN,2020-10-19 21:15:30,38.72,112.76,100,40,53.22200000000004,1.07
toliary,,,,,,,,
narsaq,GL,2020-10-19 21:15:30,60.92,-46.05,100,82,34.06999999999996,1.5
ushuaia,AR,2020-10-19 21:13:01,-54.8,-68.3,75,93,37.66999999999996,8.7
tarudant,,,,,,,,
kahului,US,2020-10-19 21:14:39,20.89,-156.47,1,43,91.66999999999996,4.1
borogontsy,RU,2020-10-19 21:15:31,62.67,131.17,100,94,14.251999999999974,2.93
carballo,ES,2020-10-19 21:15:31,43.21,-8.69,100,87,61.069999999999965,1.5
rengasdengklok,ID,2020-10-19 21:15:31,-6.16,107.3,20,83,88.26799999999999,1.5
coihaique,CL,2020-10-19 21:15:31,-45.58,-72.07,75,86,43.06999999999996,1.5
meulaboh,ID,2020-10-19 21:15:31,4.14,96.13,0,77,79.73599999999996,1.46
mineral wells,US,2020-10-19 21:15:31,32.81,-98.11,1,82,58.26199999999996,2.6
kaitangata,NZ,2020-10-19 21:15:32,-46.28,169.85,87,51,54.71600000000001,4.71
vila franca do campo,PT,2020-10-19 21:15:32,37.72,-25.43,20,72,61.069999999999965,4.1
tecoman,MX,2020-10-19 21:15:32,18.92,-103.88,75,83,79.06999999999996,4.1
fort-shevchenko,KZ,2020-10-19 21:15:32,44.51,50.26,70,83,61.51999999999996,4.82
brae,GB,2020-10-19 21:15:32,60.4,-1.35,100,93,46.66999999999996,15.9
kanniyakumari,IN,2020-10-19 21:15:32,8.08,77.57,86,82,79.08800000000005,7.5
agutaya,PH,2020-10-19 21:15:32,11.15,120.94,100,81,82.25600000000003,6.3
arys,KZ,2020-10-19 21:15:33,42.43,68.8,0,37,50.26999999999996,2
arraial do cabo,BR,2020-10-19 21:10:44,-22.97,-42.03,100,82,72.734,10.68
butaritari,KI,2020-10-19 21:15:33,3.07,172.79,100,77,82.77799999999996,4.78
busselton,AU,2020-10-19 21:15:33,-33.65,115.33,0,45,69.27799999999996,4.58
nizhneyansk,,,,,,,,
san quintin,MX,2020-10-19 21:15:33,30.48,-115.95,0,73,71.38399999999999,7.74
makakilo city,US,2020-10-19 21:15:24,21.35,-158.09,1,66,84.46999999999997,5.1
vaini,TO,2020-10-19 21:15:34,-21.2,-175.2,40,69,77.26999999999995,5.7
sri aman,MY,2020-10-19 21:15:34,1.24,111.46,40,94,79.06999999999996,2.6
andenes,NO,2020-10-19 21:15:34,69.31,16.12,0,79,28.66999999999996,1.5
ahuimanu,US,2020-10-19 21:15:34,21.44,-157.84,75,78,83.26400000000004,3.6
georgetown,MY,2020-10-19 21:11:13,5.41,100.34,20,83,82.66999999999996,2.1
hithadhoo,MV,2020-10-19 21:15:34,-0.6,73.08,71,78,82.92200000000004,5.81
road town,VG,2020-10-19 21:15:34,18.42,-64.62,30,84,81.26600000000002,0.89
ust-omchug,RU,2020-10-19 21:15:34,61.15,149.63,96,89,17.15,2.93
kavaratti,IN,2020-10-19 21:15:35,10.57,72.64,79,75,81.26600000000002,4.83
denpasar,ID,2020-10-19 21:11:49,-8.65,115.22,20,74,82.66999999999996,4.6
alofi,NU,2020-10-19 21:15:35,-19.06,-169.92,18,69,79.06999999999996,7.2
richards bay,ZA,2020-10-19 21:14:34,-28.78,32.04,23,93,69.51199999999996,1.24
buraydah,SA,2020-10-19 21:15:35,26.33,43.98,0,41,61.069999999999965,2.1
kumluca,TR,2020-10-19 21:15:35,36.37,30.29,100,64,71.79800000000003,0.89
laguna,US,2020-10-19 21:15:35,38.42,-121.42,1,28,86.26999999999995,1.17
port elizabeth,ZA,2020-10-19 21:13:01,-33.92,25.57,75,82,61.069999999999965,8.7
beringovskiy,RU,2020-10-19 21:15:35,63.05,179.32,97,82,39.84800000000003,5.14
porbandar,IN,2020-10-19 21:15:35,21.64,69.61,2,80,82.90399999999995,2.6
naze,JP,2020-10-19 21:15:36,28.37,129.48,40,74,80.86999999999996,9.8
tukrah,LY,2020-10-19 21:15:36,32.53,20.58,19,82,68.99000000000002,1.79
pangnirtung,CA,2020-10-19 21:15:36,66.15,-65.71,84,92,22.748000000000026,1.76
phayao,TH,2020-10-19 21:15:36,19.25,100.25,100,96,66.61400000000003,0.49
margate,GB,2020-10-19 21:15:36,51.38,1.39,100,66,54.266000000000005,2.24
dharchula,IN,2020-10-19 21:15:36,29.85,80.53,0,38,57.2,1.94
chuy,UY,2020-10-19 21:15:36,-33.7,-53.46,0,78,65.91199999999995,1.69
kapaa,US,2020-10-19 21:13:13,22.08,-159.32,40,74,85.26199999999996,7.7
pemangkat,ID,2020-10-19 21:15:37,1.17,108.97,26,74,82.54399999999998,1.9
la joya,MX,2020-10-19 21:15:37,18.67,-99.47,75,60,75.46999999999997,1
qaanaaq,GL,2020-10-19 21:15:37,77.48,-69.36,7,88,27.76999999999996,2.67
prince rupert,CA,2020-10-19 21:12:37,54.32,-130.32,90,81,48.469999999999956,4.6
tiarei,PF,2020-10-19 21:15:37,-17.53,-149.33,20,70,84.46999999999997,7.7
tsihombe,,,,,,,,
fort saint james,CA,2020-10-19 21:15:37,54.43,-124.25,4,92,33.69199999999999,0.62
kommunisticheskiy,RU,2020-10-19 21:15:37,61.68,64.48,100,99,30.70399999999995,1.22
torbay,CA,2020-10-19 21:15:38,47.67,-52.73,40,87,51.27799999999996,3.6
riyadh,SA,2020-10-19 21:11:22,24.69,46.72,0,29,62.86999999999996,2.1
bairiki,KI,2020-10-19 21:15:38,1.33,172.98,75,70,86.26999999999995,4.6
roald,NO,2020-10-19 21:15:38,62.58,6.13,32,74,37.66999999999996,2.6
san luis,AR,2020-10-19 21:11:14,-33.3,-66.34,0,45,59.108000000000004,10.98
rungata,,,,,,,,
morro bay,US,2020-10-19 21:15:38,35.37,-120.85,10,73,65.26400000000004,0.45
stornoway,GB,2020-10-19 21:15:38,58.21,-6.39,100,93,52.069999999999965,3.1
grindavik,IS,2020-10-19 21:15:39,63.84,-22.43,88,86,34.06999999999996,4.1
lebork,PL,2020-10-19 21:15:39,54.54,17.75,20,93,44.27599999999999,2.1
riohacha,CO,2020-10-19 21:15:39,11.54,-72.91,100,84,80.88800000000005,3.3
sentyabrskiy,,,,,,,,
puerto ayora,EC,2020-10-19 21:15:39,-0.74,-90.35,98,92,69.27799999999996,2.68
berlevag,NO,2020-10-19 21:15:39,70.86,29.09,100,76,39.182000000000016,7.26
nambutalai,IN,2020-10-19 21:15:39,9.72,79,100,75,81.21199999999996,4.01
altamira,BR,2020-10-19 21:15:40,-3.2,-52.21,82,80,77.01799999999999,1.11
dimona,IL,2020-10-19 21:15:40,31.07,35.03,10,96,63.266000000000005,2.43
alice springs,AU,2020-10-19 21:13:28,-23.7,133.88,75,50,77.26999999999995,5.1
salta,AR,2020-10-19 21:15:40,-24.79,-65.41,89,39,79.06999999999996,1
hunza,,,,,,,,
malanje,AO,2020-10-19 21:15:40,-9.54,16.34,43,98,65.76799999999999,2.9
kamensk-uralskiy,RU,2020-10-19 21:15:41,56.42,61.93,100,87,43.32200000000004,0.31
tagusao,PH,2020-10-19 21:15:41,9.19,117.81,100,80,81.842,3.41
srednekolymsk,RU,2020-10-19 21:15:41,67.45,153.68,96,95,20.227999999999962,0.53
victoria,HK,2020-10-19 21:12:21,22.29,114.16,0,71,76.26199999999996,0.45
kodinsk,RU,2020-10-19 21:15:41,58.69,99.18,100,94,26.69000000000002,3.99
odawara,JP,2020-10-19 21:15:41,35.26,139.16,100,49,67.26199999999996,1.34
bandarbeyla,SO,2020-10-19 21:15:42,9.49,50.81,38,70,77.37799999999996,2.49
taoudenni,ML,2020-10-19 21:15:42,22.68,-3.98,0,20,81.42799999999997,6.93
manfredonia,IT,2020-10-19 21:15:42,41.63,15.91,5,100,48.469999999999956,1.5
yeletskiy,,,,,,,,
novopokrovka,UA,2020-10-19 21:15:42,49.84,36.55,0,93,37.66999999999996,2
luwuk,ID,2020-10-19 21:15:42,-0.95,122.79,100,63,83.69600000000005,3.37
sorland,NO,2020-10-19 21:15:42,67.67,12.69,95,67,39.70399999999995,1.48
masalli,KR,2020-10-19 21:15:42,34.8,126.66,0,63,62.86999999999996,3.1
sao joao da barra,BR,2020-10-19 21:15:43,-21.64,-41.05,100,83,72.96799999999999,5.06
pevek,RU,2020-10-19 21:15:43,69.7,170.31,1,93,26.50999999999998,6.7
upernavik,GL,2020-10-19 21:15:43,72.79,-56.15,100,93,33.08000000000004,3.59
chikoy,,,,,,,,
saint george,US,2020-10-19 21:13:17,37.1,-113.58,1,11,80.86999999999996,5.1
plessisville,CA,2020-10-19 21:15:44,46.22,-71.76,100,96,50.26999999999996,0.65
ubinskoye,RU,2020-10-19 21:15:44,55.31,79.68,100,75,39.092,6.12
sept-iles,CA,2020-10-19 21:12:45,50.2,-66.38,90,100,41.26999999999996,1.5
esperance,AU,2020-10-19 21:15:44,-33.87,121.9,90,100,61.069999999999965,4.1
glace bay,CA,2020-10-19 21:15:44,46.2,-59.96,90,100,56.26400000000004,2.6
gimli,CA,2020-10-19 21:15:35,50.63,-96.99,1,98,32.26999999999996,3.61
severo-kurilsk,RU,2020-10-19 21:15:44,50.68,156.12,67,64,42.475999999999985,4.84
ugoofaaru,MV,2020-10-19 21:15:45,5.67,73,28,78,82.25600000000003,5.6
aasiaat,GL,2020-10-19 21:15:45,68.71,-52.87,100,84,36.30199999999998,7.45
castelfiorentino,IT,2020-10-19 21:15:45,43.61,10.97,0,100,54.266000000000005,0.5
nanfeng,CN,2020-10-19 21:15:45,23.74,111.8,22,66,66.93800000000005,1.9
reforma,MX,2020-10-19 21:15:45,18.1,-91.02,8,92,75.542,3.47
clyde river,CA,2020-10-19 21:15:45,70.47,-68.59,20,91,32.26999999999996,7.7
najran,SA,2020-10-19 21:15:45,17.49,44.13,0,28,59.26999999999996,2.1
shenjiamen,CN,2020-10-19 21:15:46,29.96,122.3,7,70,67.76600000000002,6.05
norman wells,CA,2020-10-19 21:15:46,65.28,-126.83,75,73,19.66999999999996,6.2
dong hoi,VN,2020-10-19 21:15:46,17.48,106.6,100,91,69.61999999999996,5.33
cabo san lucas,MX,2020-10-19 21:12:24,22.89,-109.91,5,58,86.26999999999995,3.1
marsh harbour,BS,2020-10-19 21:15:46,26.54,-77.06,100,77,81.21199999999996,9.35
buala,SB,2020-10-19 21:15:46,-8.14,159.59,89,68,86.46799999999999,1.54
pedernales,DO,2020-10-19 21:15:47,18.04,-71.74,20,78,79.06999999999996,3.1
salalah,OM,2020-10-19 21:15:47,17.02,54.09,75,51,80.86999999999996,1.5
dunedin,NZ,2020-10-19 21:11:32,-45.87,170.5,93,59,57.272000000000034,7.15
tuatapere,NZ,2020-10-19 21:15:47,-46.13,167.68,85,76,52.26799999999999,5.81
korhogo,CI,2020-10-19 21:15:47,9.45,-5.63,52,94,72.78800000000004,1.3
east london,ZA,2020-10-19 21:15:47,-33.02,27.91,82,80,64.41799999999998,9.32
urdzhar,,,,,,,,
richmond hill,CA,2020-10-19 21:13:41,43.87,-79.44,100,92,45.266000000000005,0.45
nadym,RU,2020-10-19 21:15:48,65.53,72.52,75,98,25.39399999999997,0.79
yangjiang,CN,2020-10-19 21:15:48,21.85,111.97,7,71,70.96999999999997,5.67
lompoc,US,2020-10-19 21:15:48,34.64,-120.46,40,87,61.26799999999999,4.1
yar-sale,RU,2020-10-19 21:15:48,66.83,70.83,0,96,17.258000000000003,1.72
ofunato,JP,2020-10-19 21:15:48,39.07,141.72,20,76,55.66999999999996,1
ahipara,NZ,2020-10-19 21:15:48,-35.17,173.17,100,65,65.69600000000005,5.05
ravar,IR,2020-10-19 21:15:48,31.27,56.81,0,48,48.50600000000003,1.11
ciudad bolivar,VE,2020-10-19 21:15:49,8.12,-63.55,27,59,84.65,1.46
mana,GF,2020-10-19 21:15:49,5.66,-53.78,0,84,80.43800000000005,4.49
hualmay,PE,2020-10-19 21:15:49,-11.1,-77.61,3,85,62.38399999999999,2.91
doha,QA,2020-10-19 21:15:49,25.29,51.53,0,51,82.66999999999996,3.1
hermanus,ZA,2020-10-19 21:15:49,-34.42,19.23,15,75,58.26199999999996,1.79
saint-denis,FR,2020-10-19 21:15:49,48.92,2.33,100,76,52.069999999999965,4.1
hami,CN,2020-10-19 21:15:49,42.8,93.45,1,55,44.88800000000005,1.17
miquelon,PM,2020-10-19 21:15:49,47.1,-56.38,85,88,53.52799999999996,5.24
broken hill,AU,2020-10-19 21:15:50,-31.95,141.43,80,32,68.26999999999995,3.6
faanui,PF,2020-10-19 21:15:50,-16.48,-151.75,19,80,79.25,8.77
asau,RO,2020-10-19 21:15:50,46.43,26.4,0,93,41.26999999999996,0.5
namatanai,PG,2020-10-19 21:15:50,-3.67,152.43,92,70,85.02799999999996,0.6
invermere,CA,2020-10-19 21:15:50,50.52,-116.04,96,78,39.596000000000046,1.03
sidi ali,DZ,2020-10-19 21:15:50,36.1,0.42,0,41,68.71999999999997,2.03
half moon bay,US,2020-10-19 21:15:51,37.46,-122.43,0,93,77.26999999999995,3.65
xuanzhou,CN,2020-10-19 21:15:51,30.95,118.76,0,69,63.067999999999984,3.55
vostok,RU,2020-10-19 21:15:51,46.49,135.88,0,60,42.51199999999996,1.47
nikolskoye,RU,2020-10-19 21:15:51,59.7,30.79,90,80,35.86999999999996,7
saldanha,ZA,2020-10-19 21:15:51,-33.01,17.94,100,76,53.86999999999996,1
hays,US,2020-10-19 21:15:51,30.05,-98.03,0,69,82.27400000000002,4.12
kasongo-lunda,CD,2020-10-19 21:15:51,-6.47,16.82,98,93,70.17799999999997,0.42
clive,US,2020-10-19 21:15:52,41.6,-93.72,90,98,33.27799999999996,3.1
warrensburg,US,2020-10-19 21:15:23,38.76,-93.74,90,63,45.266000000000005,2.1
gladstone,AU,2020-10-19 21:15:52,-23.85,151.25,40,61,79.06999999999996,5.1
skalistyy,,,,,,,,
dwarka,IN,2020-10-19 21:15:52,22.24,68.97,61,80,83.69600000000005,4.01
kazalinsk,,,,,,,,
dhidhdhoo,MV,2020-10-19 21:15:52,6.88,73.1,17,78,81.82400000000001,5.89
launceston,AU,2020-10-19 21:09:25,-41.45,147.17,75,67,62.27599999999999,5.7
kodiak,US,2020-10-19 21:14:55,57.79,-152.41,1,45,48.469999999999956,6.7
aykhal,RU,2020-10-19 21:15:53,66,111.5,90,92,17.86999999999996,3.15
narasimharajapura,IN,2020-10-19 21:15:53,13.62,75.52,91,95,68.25199999999998,0.9
isangel,VU,2020-10-19 21:15:53,-19.55,169.27,75,61,82.66999999999996,5.1
hojslev,DK,2020-10-19 21:15:53,56.59,9.14,100,94,46.274000000000015,0.89
hamilton,US,2020-10-19 21:12:41,39.18,-84.53,90,93,56.26400000000004,0.54
gafargaon,BD,2020-10-19 21:15:53,24.43,90.57,40,83,82.66999999999996,1.69
nanortalik,GL,2020-10-19 21:15:53,60.14,-45.24,100,87,37.832000000000015,3.4
tommot,RU,2020-10-19 21:15:54,58.96,126.29,100,97,30.74000000000002,3.16
uramita,CO,2020-10-19 21:15:54,6.9,-76.17,100,76,70.37599999999999,0.53
willowmore,ZA,2020-10-19 21:15:54,-33.29,23.49,92,69,55.63399999999999,2.97
harper,LR,2020-10-19 21:15:54,4.38,-7.72,100,81,77.82799999999997,2.86
attawapiskat,,,,,,,,
los llanos de aridane,ES,2020-10-19 21:15:54,28.66,-17.92,100,61,79.06999999999996,3.1
faya,SA,2020-10-19 21:15:54,18.39,42.45,0,27,53.86999999999996,4.1
zhanaozen,KZ,2020-10-19 21:15:54,43.3,52.8,0,86,52.37599999999999,2.52
higuey,,,,,,,,
katsiveli,,,,,,,,
ponta do sol,PT,2020-10-19 21:15:55,32.67,-17.1,75,94,68.26999999999995,5.7
souillac,MU,2020-10-19 21:15:55,-20.52,57.52,20,78,73.66999999999996,3.6
guerrero negro,MX,2020-10-19 21:15:55,27.98,-114.06,0,62,76.02799999999996,7.25
borivka,UA,2020-10-19 21:15:55,50.46,29.55,0,100,40.26199999999996,3
concordia,AR,2020-10-19 21:15:55,-31.39,-58.02,0,76,77.46799999999999,2.94
silca,HN,2020-10-19 21:15:55,14.83,-86.53,100,89,70.75399999999996,1.42
saint-augustin,CA,2020-10-19 21:15:55,51.23,-58.65,100,81,44.13200000000002,4.75
lebu,CL,2020-10-19 21:15:56,-37.62,-73.65,4,75,50.19800000000002,6.65
salina,US,2020-10-19 21:15:56,38.84,-97.61,90,53,48.469999999999956,2.6
gulshat,,,,,,,,
canutama,BR,2020-10-19 21:15:56,-6.53,-64.38,44,89,75.83000000000004,0.12
kalmunai,LK,2020-10-19 21:15:56,7.42,81.82,12,73,78.63800000000005,1.83
sitka,US,2020-10-19 21:14:59,57.05,-135.33,75,81,44.86999999999996,4.1
wangqing,CN,2020-10-19 21:15:56,43.32,129.76,0,51,54.71600000000001,1.49
hofn,IS,2020-10-19 21:15:57,64.25,-15.21,0,74,38.588000000000044,5.76
chokurdakh,RU,2020-10-19 21:15:57,70.63,147.92,94,98,16.430000000000042,2.8
suruc,TR,2020-10-19 21:12:27,36.98,38.42,1,65,62.096000000000046,0.93
saint anthony,US,2020-10-19 21:15:57,45.02,-93.22,90,80,34.26799999999999,1.39
ploemeur,FR,2020-10-19 21:15:57,47.73,-3.43,90,93,59.26999999999996,6.2
talnakh,RU,2020-10-19 21:15:58,69.49,88.4,90,85,14.269999999999957,2
sembe,CG,2020-10-19 21:11:07,1.65,14.58,99,94,69.96199999999996,0.83
necochea,AR,2020-10-19 21:15:58,-38.55,-58.74,0,69,50.26999999999996,1.79
cabra,ES,2020-10-19 21:15:58,37.47,-4.44,100,42,66.46999999999997,2.1
avenal,US,2020-10-19 21:15:58,36,-120.13,0,36,83.26400000000004,2.97
hobyo,SO,2020-10-19 21:15:59,5.35,48.53,0,78,79.808,6.58
takoradi,GH,2020-10-19 21:15:59,4.88,-1.76,82,90,77.03599999999997,3.47
olinda,BR,2020-10-19 21:15:59,-8.01,-34.86,40,69,80.86999999999996,3.6
saint-georges,GD,2020-10-19 21:15:59,12.06,-61.75,40,83,82.66999999999996,3.6
galgani,,,,,,,,
luderitz,NA,2020-10-19 21:15:59,-26.65,15.16,0,72,57.83000000000004,10.03
yulara,AU,2020-10-19 21:15:59,-25.24,130.99,0,64,73.66999999999996,5.1
roebourne,AU,2020-10-19 21:16:00,-20.78,117.13,0,38,81.24800000000002,1.98
negombo,LK,2020-10-19 21:16:00,7.21,79.84,40,83,80.86999999999996,2.1
auki,SB,2020-10-19 21:16:00,-8.77,160.7,77,75,84.70399999999995,1.65
anshun,CN,2020-10-19 21:16:00,26.25,105.93,100,66,48.938000000000045,4.59
valdivia,CL,2020-10-19 21:12:57,-39.81,-73.25,12,66,50.26999999999996,2.1
san patricio,US,2020-10-19 21:16:00,28.02,-97.52,20,83,80.86999999999996,5.7
grand river south east,,,,,,,,
ulladulla,AU,2020-10-19 21:16:00,-35.35,150.47,75,63,64.66999999999996,1.5
turochak,RU,2020-10-19 21:16:00,52.26,87.12,100,92,32.306000000000026,1.11
cantaura,VE,2020-10-19 21:16:01,9.31,-64.36,0,82,76.78399999999999,1.91
bambous virieux,MU,2020-10-19 21:16:01,-20.34,57.76,20,78,73.66999999999996,3.6
arlit,NE,2020-10-19 21:16:01,18.74,7.39,0,12,87.35,3.99
umm kaddadah,SD,2020-10-19 21:16:01,13.6,26.69,82,15,83.53399999999999,4.9
santa barbara,US,2020-10-19 21:16:02,34.73,-120.03,1,47,75.46999999999997,3.6
boyolangu,ID,2020-10-19 21:16:02,-8.12,111.89,78,67,82.976,1.08
keti bandar,PK,2020-10-19 21:16:02,24.14,67.45,0,71,83.65999999999998,3.96
vieux fort,LC,2020-10-19 21:16:02,13.72,-60.95,40,88,80.86999999999996,2.18
honningsvag,NO,2020-10-19 21:16:02,70.98,25.97,100,79,40.44199999999999,6.71
ariquemes,BR,2020-10-19 21:13:45,-9.91,-63.04,100,70,76.62200000000004,0.55
matara,LK,2020-10-19 21:16:03,5.95,80.54,100,85,78.87200000000004,5.08
homer,US,2020-10-19 21:16:03,59.64,-151.55,75,65,44.86999999999996,2.6
jacobina,BR,2020-10-19 21:16:03,-11.18,-40.52,93,82,72.23000000000005,3.16
tete,MZ,2020-10-19 21:16:03,-16.16,33.59,0,57,75.092,2.59
merrill,US,2020-10-19 21:16:03,45.18,-89.68,1,92,30.46999999999996,2.24
nurota,UZ,2020-10-19 21:16:03,40.56,65.69,0,49,48.469999999999956,2.1
hasaki,JP,2020-10-19 21:16:03,35.73,140.83,75,82,66.27200000000005,4.6
port macquarie,AU,2020-10-19 21:16:04,-31.43,152.92,35,61,71.27599999999998,0.89
huarmey,PE,2020-10-19 21:16:04,-10.07,-78.15,3,85,62.79800000000003,3.17
provideniya,RU,2020-10-19 21:16:04,64.38,-173.3,75,80,35.86999999999996,1
ozinki,RU,2020-10-19 21:16:04,51.18,49.68,100,72,44.041999999999994,2.22
andros town,BS,2020-10-19 21:16:04,24.7,-77.77,75,83,79.06999999999996,2.1
kharp,RU,2020-10-19 21:16:04,66.8,65.81,0,91,15.241999999999994,1.41
khatanga,RU,2020-10-19 21:16:04,71.97,102.5,89,97,12.146000000000047,1.01
romanovo,RU,2020-10-19 21:16:04,52.62,81.23,100,70,37.30999999999998,7.17
port alfred,ZA,2020-10-19 21:16:05,-33.59,26.89,0,80,62.33000000000004,9.65
aklavik,CA,2020-10-19 21:16:05,68.22,-135.01,90,92,23.26999999999996,2.1
el chichicaste,HN,2020-10-19 21:16:05,14.07,-86.3,100,84,73.13000000000005,0.53
trinidad,BO,2020-10-19 21:16:05,-14.83,-64.9,61,81,77.576,2.84
san cristobal,VE,2020-10-19 21:16:01,7.77,-72.22,40,58,84.46999999999997,2.1
itoman,JP,2020-10-19 21:16:05,26.12,127.67,40,70,84.46999999999997,9.3
waddan,LY,2020-10-19 21:16:05,29.16,16.14,0,68,62.95999999999998,3.59
gardan diwal,,,,,,,,
mus,TR,2020-10-19 21:16:06,39,41.75,100,56,45.08599999999997,0.65
bar harbor,US,2020-10-19 21:12:00,44.39,-68.2,1,100,51.27799999999996,2.44
novaya ladoga,RU,2020-10-19 21:16:06,60.1,32.3,100,92,37.36400000000003,4.98
upington,ZA,2020-10-19 21:16:06,-28.45,21.26,0,23,62.86999999999996,5.1
louisbourg,,,,,,,,
khandyga,RU,2020-10-19 21:16:06,62.67,135.6,96,92,16.17799999999996,1.37
acarau,BR,2020-10-19 21:16:06,-2.89,-40.12,0,80,79.142,8.15
anloga,GH,2020-10-19 21:16:07,5.79,0.9,20,88,79.06999999999996,2.1
ubauro,PK,2020-10-19 21:16:07,28.17,69.73,0,22,67.94600000000005,1.38
abu dhabi,AE,2020-10-19 21:13:55,24.47,54.37,0,83,75.46999999999997,0.5
hirara,JP,2020-10-19 21:16:07,24.8,125.28,75,74,82.66999999999996,7.7
bud,US,2020-10-19 21:16:07,39.45,-86.18,90,100,48.469999999999956,2.1
eirunepe,BR,2020-10-19 21:16:07,-6.66,-69.87,92,92,74.01199999999996,0.95
halalo,,,,,,,,
marsa matruh,EG,2020-10-19 21:16:07,31.35,27.25,6,69,73.66999999999996,4.1
gura teghii,RO,2020-10-19 21:16:08,45.48,26.42,0,99,39.272000000000034,3.58
palabuhanratu,,,,,,,,
diamantino,BR,2020-10-19 21:16:08,-14.41,-56.45,100,81,74.04800000000003,1
korla,CN,2020-10-19 21:16:08,41.76,86.15,0,88,42.27799999999996,1.79
le pradet,FR,2020-10-19 21:16:08,43.11,6.02,75,93,57.272000000000034,1
quyquyho,,,,,,,,
sechura,PE,2020-10-19 21:16:08,-5.56,-80.82,54,74,67.02799999999996,5.98
ust-nera,RU,2020-10-19 21:16:09,64.57,143.2,3,83,9.301999999999975,1.72
muswellbrook,AU,2020-10-19 21:16:09,-32.27,150.9,4,44,75.14600000000004,1.89
garowe,SO,2020-10-19 21:16:09,8.41,48.48,0,71,77.26999999999995,2.18
litoral del san juan,,,,,,,,
mys shmidta,,,,,,,,
mango,US,2020-10-19 21:16:09,27.98,-82.31,1,88,74.26400000000004,4.87
maragogi,BR,2020-10-19 21:12:29,-9.01,-35.22,12,78,75.79399999999998,4.43
axim,GH,2020-10-19 21:16:10,4.87,-2.24,73,88,77.52200000000005,3.49
cabedelo,BR,2020-10-19 21:16:10,-6.98,-34.83,20,88,73.66999999999996,2.1
dingle,PH,2020-10-19 21:16:10,11,122.67,100,89,78.24199999999999,2.27
balikpapan,ID,2020-10-19 21:15:17,-1.27,116.83,40,88,80.86999999999996,5.1
baykit,RU,2020-10-19 21:16:10,61.67,96.37,83,94,21.938000000000045,2.42
ituni,,,,,,,,
comodoro rivadavia,AR,2020-10-19 21:16:10,-45.87,-67.5,0,42,48.469999999999956,3.6
gumdag,TM,2020-10-19 21:16:10,39.21,54.59,0,40,54.57200000000004,1.41
bela,IN,2020-10-19 21:16:11,25.93,81.98,17,53,73.41799999999998,1.85
anaconda,US,2020-10-19 21:16:11,46.13,-112.94,1,49,48.469999999999956,1.5
angoche,MZ,2020-10-19 21:16:11,-16.23,39.91,0,90,73.56199999999995,1.68
fairview,US,2020-10-19 21:14:39,40.81,-74,1,77,62.86999999999996,1.5
barentu,ER,2020-10-19 21:16:11,15.11,37.59,0,44,71.36600000000001,1.38
stromness,GB,2020-10-19 21:16:12,58.97,-3.3,100,100,50.26999999999996,1
ygatimi,PY,2020-10-19 21:16:12,-24.08,-55.5,0,66,76.78399999999999,1.67
okato,NZ,2020-10-19 21:16:12,-39.2,173.88,100,84,55.274000000000015,4.47
buzdyak,RU,2020-10-19 21:16:12,54.58,54.55,100,87,41.01799999999999,2.35
minab,IR,2020-10-19 21:16:12,27.15,57.08,0,62,57.469999999999956,1
gerash,IR,2020-10-19 21:16:12,27.67,54.14,0,28,55.66999999999996,0.64
meadow lake,US,2020-10-19 21:16:12,34.8,-106.54,20,9,80.86999999999996,3.1
novaya bryan,RU,2020-10-19 21:16:12,51.72,108.27,75,58,30.46999999999996,8
falkoping,,,,,,,,
van buren,US,2020-10-19 21:16:13,35.44,-94.35,90,76,56.26400000000004,2.1
anuchino,RU,2020-10-19 21:16:13,43.96,133.05,0,43,57.127999999999965,0.62
ostrovnoy,RU,2020-10-19 21:16:13,68.05,39.51,100,84,35.438000000000045,5.98
san vicente de chucuri,CO,2020-10-19 21:16:13,6.88,-73.41,100,85,71.43800000000005,0.86
lillooet,CA,2020-10-19 21:16:13,50.69,-121.94,40,62,55.66999999999996,3.6
ry,,,,,,,,
bethel,US,2020-10-19 21:12:47,41.37,-73.41,1,93,55.66999999999996,3.6
muroto,JP,2020-10-19 21:16:14,33.28,134.15,40,46,70.06999999999996,4.6
ust-kuyga,RU,2020-10-19 21:16:14,70.02,135.6,99,95,14.377999999999961,3.39
adrar,MR,2020-10-19 21:16:14,20.5,-10.07,0,20,83.28200000000001,4.64
zhigansk,RU,2020-10-19 21:16:14,66.77,123.37,100,96,18.37400000000001,5.46
khani,GE,2020-10-19 21:16:14,41.96,42.96,90,82,62.86999999999996,4.6
bathsheba,BB,2020-10-19 21:16:14,13.22,-59.52,40,83,80.86999999999996,2.1
oban,GB,2020-10-19 21:13:30,56.41,-5.47,100,96,53.27599999999999,3.87
kulhudhuffushi,MV,2020-10-19 21:16:14,6.62,73.07,3,79,81.85999999999999,5.79
katsuura,JP,2020-10-19 21:16:15,35.13,140.3,88,59,65.26400000000004,5.1
yerbogachen,RU,2020-10-19 21:16:15,61.28,108.01,100,94,24.908000000000005,5.32
tawkar,,,,,,,,
sarankhola,BD,2020-10-19 21:16:15,22.31,89.79,71,92,78.584,2.01
manzil salim,TN,2020-10-19 21:16:15,35.86,8.48,0,66,48.469999999999956,1
erdemli,TR,2020-10-19 21:16:15,36.6,34.31,38,63,74.75,3.62
ewo,CG,2020-10-19 21:16:16,-0.87,14.82,100,91,73.61600000000001,2.43
cidreira,BR,2020-10-19 21:16:16,-30.18,-50.21,0,91,67.92799999999997,6.61
marshall,US,2020-10-19 21:16:16,34.38,-86.33,1,77,68.26999999999995,1.5
henties bay,NA,2020-10-19 21:16:16,-22.12,14.28,0,89,56.26400000000004,0.45
caernarfon,GB,2020-10-19 21:16:16,53.14,-4.27,100,81,53.86999999999996,3.6
bengkulu,ID,2020-10-19 21:16:16,-3.8,102.27,100,79,78.85399999999996,2.16
indramayu,ID,2020-10-19 21:16:16,-6.33,108.32,100,72,84.00199999999998,4.89
amderma,,,,,,,,
dashitou,CN,2020-10-19 21:16:16,43.31,128.51,0,51,54.55399999999995,2.9
inhambane,MZ,2020-10-19 21:16:17,-23.86,35.38,0,84,69.674,5.5
karratha,AU,2020-10-19 21:16:17,-20.74,116.85,0,41,79.77200000000005,2.48
maltahohe,NA,2020-10-19 21:16:17,-24.83,16.98,0,31,60.674000000000014,1.89
sur,OM,2020-10-19 21:16:17,22.57,59.53,17,48,78.368,4.52
marcona,,,,,,,,
yatou,CN,2020-10-19 21:16:17,37.15,122.38,0,46,65.26400000000004,2.25
kirgiz-miyaki,RU,2020-10-19 21:16:17,53.63,54.8,100,92,46.508,2.2
tilichiki,RU,2020-10-19 21:16:18,60.47,166.1,100,98,38.89399999999997,0.15
leningradskiy,RU,2020-10-19 21:16:18,69.38,178.42,56,91,27.5,3.02
sobolevo,RU,2020-10-19 21:16:18,54.43,31.9,8,88,36.842,6.06
lima,PE,2020-10-19 21:08:19,-12.04,-77.03,1,77,64.66999999999996,4.6
kadoma,JP,2020-10-19 21:16:18,34.73,135.58,40,77,69.27799999999996,2.1
turayf,SA,2020-10-19 21:16:18,31.67,38.66,0,25,62.86999999999996,3.1
lagoa,PT,2020-10-19 21:16:18,39.05,-27.98,0,69,63.98599999999997,12.72
tecolutla,MX,2020-10-19 21:16:19,20.48,-97.02,0,78,79.46600000000001,2.33
mackay,AU,2020-10-19 21:16:19,-21.15,149.2,90,57,85.26199999999996,5.1
tiznit,MA,2020-10-19 21:16:19,29.58,-9.5,100,28,71.58200000000002,3.03
geraldton,AU,2020-10-19 21:16:19,-28.77,114.6,90,64,70.06999999999996,5.7
kargasok,RU,2020-10-19 21:16:19,59.06,80.86,100,95,36.122000000000035,3.95
weinan,CN,2020-10-19 21:16:19,34.5,109.51,100,93,60.27799999999996,2.09
miri,MY,2020-10-19 21:15:25,4.41,114.01,20,88,79.06999999999996,3.1
biak,ID,2020-10-19 21:16:19,-0.91,122.88,100,68,81.89600000000004,3.65
fortuna,US,2020-10-19 21:16:19,40.6,-124.16,90,100,57.272000000000034,4.6
maceio,BR,2020-10-19 21:16:20,-9.67,-35.74,20,94,71.86999999999996,2.1
oksfjord,NO,2020-10-19 21:16:20,70.24,22.35,100,92,34.06999999999996,2.1
jiddah,,,,,,,,
oudtshoorn,ZA,2020-10-19 21:16:20,-33.59,22.2,100,76,53.86999999999996,5.1
inta,RU,2020-10-19 21:16:20,66.03,60.17,100,93,19.508000000000003,2.06
lemesos,,,,,,,,
bunbury,AU,2020-10-19 21:16:20,-33.33,115.63,2,62,65.26400000000004,0.89
semey,KZ,2020-10-19 21:16:03,50.41,80.23,2,85,25.069999999999958,4
uitenhage,ZA,2020-10-19 21:16:21,-33.76,25.4,75,82,60.27799999999996,9.8
nanakuli,US,2020-10-19 21:16:21,21.39,-158.15,1,66,84.46999999999997,5.1
chimoio,MZ,2020-10-19 21:16:21,-19.12,33.48,0,87,62.27599999999999,0.45
kushima,JP,2020-10-19 21:16:21,31.46,131.23,20,60,70.06999999999996,9.3
lahaina,US,2020-10-19 21:15:04,20.88,-156.68,40,55,91.66999999999996,3.1
longyearbyen,SJ,2020-10-19 21:16:21,78.22,15.64,75,63,28.66999999999996,6.2
treznea,RO,2020-10-19 21:16:21,47.1,23.12,75,93,45.266000000000005,0.5
les cayes,HT,2020-10-19 21:16:22,18.2,-73.75,81,80,78.96199999999996,1.49
olafsvik,IS,2020-10-19 21:16:22,64.89,-23.71,92,74,39.001999999999974,2.91
pacific grove,US,2020-10-19 21:16:22,36.62,-121.92,90,93,67.26199999999996,1.5
pitimbu,BR,2020-10-19 21:16:22,-7.47,-34.81,20,88,73.66999999999996,2.1
sao filipe,CV,2020-10-19 21:16:22,14.9,-24.5,24,69,82.77799999999996,1.41
shache,CN,2020-10-19 21:16:22,38.42,77.24,0,73,38.42599999999999,0.56
vendas novas,PT,2020-10-19 21:16:22,38.68,-8.46,75,100,64.27400000000002,0.5
usinsk,RU,2020-10-19 21:16:23,65.99,57.53,100,95,22.711999999999954,3.25
porto novo,BJ,2020-10-19 21:16:23,6.5,2.6,40,94,75.46999999999997,2.1
kirakira,SB,2020-10-19 21:16:23,-10.45,161.92,18,74,84.68599999999998,4.47
ilhabela,BR,2020-10-19 21:16:23,-23.78,-45.36,99,87,72.59000000000003,3.47
ivanivka,UA,2020-10-19 21:16:23,46.72,34.55,0,72,46.38200000000002,2.93
ilebo,CD,2020-10-19 21:16:23,-4.32,20.58,100,96,71.34800000000003,0.59
vao,NC,2020-10-19 21:16:24,-22.67,167.48,12,77,73.41799999999998,8.81
bilma,NE,2020-10-19 21:16:24,18.69,12.92,0,17,78.25999999999999,1.65
iracoubo,GF,2020-10-19 21:16:24,5.48,-53.2,68,81,81.55399999999995,5.23
dibaya,,,,,,,,
chino valley,US,2020-10-19 21:16:24,34.76,-112.45,1,13,74.26400000000004,3.6
san vicente,AR,2020-10-19 21:16:24,-26.62,-54.13,0,63,70.50199999999998,0.96
ngukurr,,,,,,,,
sungai besar,MY,2020-10-19 21:16:24,3.67,100.99,40,100,75.46999999999997,1
ordu,TR,2020-10-19 21:16:24,40.91,37.68,75,100,61.069999999999965,3.6
moche,PE,2020-10-19 21:16:25,-8.17,-79.01,17,85,62.61799999999998,3.54
urumqi,CN,2020-10-19 21:14:14,43.8,87.6,0,45,46.66999999999996,1
champerico,GT,2020-10-19 21:16:25,14.3,-91.92,90,100,77.26999999999995,2.1
tatvan,TR,2020-10-19 21:16:25,38.51,42.28,7,52,46.814000000000036,0.55
pangkalanbuun,ID,2020-10-19 21:16:25,-2.68,111.62,84,83,81.05000000000001,1.41
chapais,CA,2020-10-19 21:16:25,49.78,-74.85,20,92,28.66999999999996,1.5
skibotn,NO,2020-10-19 21:16:25,69.39,20.27,0,92,23.26999999999996,2.6
tazovskiy,RU,2020-10-19 21:16:25,67.47,78.7,23,97,16.340000000000018,3.5
thompson,CA,2020-10-19 21:15:00,55.74,-97.86,90,63,28.66999999999996,2.1
aksarka,RU,2020-10-19 21:16:26,66.56,67.8,0,94,13.369999999999958,2.17
niquero,CU,2020-10-19 21:16:26,20.04,-77.58,100,76,80.02400000000002,2.12
sehwan,PK,2020-10-19 21:16:26,26.43,67.86,0,77,66.46999999999997,1.56
vicksburg,US,2020-10-19 21:16:26,32.35,-90.88,40,100,73.66999999999996,2.4
te anau,NZ,2020-10-19 21:16:26,-45.42,167.72,7,49,55.20199999999998,1.98
grand-santi,GF,2020-10-19 21:16:26,4.25,-54.38,98,70,80.11400000000003,1.98
zyryanka,RU,2020-10-19 21:16:27,65.75,150.85,100,96,19.598000000000024,3.48
rabo de peixe,PT,2020-10-19 21:16:27,37.8,-25.58,20,72,61.069999999999965,4.1
yuzhne,UA,2020-10-19 21:16:27,46.62,31.1,0,62,39.469999999999956,3.95
mount abu,IN,2020-10-19 21:16:27,24.6,72.7,8,97,68.19800000000004,0.44
burgeo,CA,2020-10-19 21:16:27,47.62,-57.62,98,92,52.934,3.69
dehui,CN,2020-10-19 21:16:27,44.53,125.7,0,54,53.86999999999996,6
jerez,GT,2020-10-19 21:16:28,14.1,-89.75,99,93,68.93599999999998,0.64
sisimiut,GL,2020-10-19 21:11:35,66.94,-53.67,100,87,36.01400000000003,5.71
sola,VU,2020-10-19 21:16:28,-13.88,167.55,90,70,86.26999999999995,2.1
grand-lahou,CI,2020-10-19 21:16:28,5.14,-5.02,85,87,77.01799999999999,2.82
mandalgovi,MN,2020-10-19 21:16:28,45.76,106.27,0,86,31.76600000000001,4.7
ramshir,IR,2020-10-19 21:16:28,30.89,49.41,0,55,62.86999999999996,3.17
mont-dore,NC,2020-10-19 21:16:28,-22.28,166.58,76,45,88.06999999999996,5.1
armidale,AU,2020-10-19 21:16:28,-30.52,151.65,86,48,66.63200000000002,0.94
villamontes,BO,2020-10-19 21:16:29,-21.25,-63.5,38,36,82.20199999999997,0.65
juneau,US,2020-10-19 21:06:25,58.3,-134.42,90,80,41.26999999999996,5.1
karangasem,ID,2020-10-19 21:11:55,-8.45,115.62,20,74,82.66999999999996,4.6
ajaccio,FR,2020-10-19 21:16:29,42,8.92,100,81,50.26999999999996,4.1
nabire,ID,2020-10-19 21:16:29,-3.37,135.48,100,61,86.66600000000001,1.28
goderich,CA,2020-10-19 21:16:29,43.75,-81.72,100,81,48.272000000000034,4.19
along,IN,2020-10-19 21:16:29,28.17,94.77,61,87,68.99000000000002,0.74
lalomanu,,,,,,,,
dothan,US,2020-10-19 21:14:24,31.22,-85.39,1,82,71.27599999999998,2.6
dubbo,AU,2020-10-19 21:14:41,-32.25,148.62,1,49,73.66999999999996,3.6
balkanabat,TM,2020-10-19 21:16:30,39.51,54.37,0,38,55.92200000000004,0.38
kingsburg,US,2020-10-19 21:16:30,36.51,-119.55,1,29,89.86999999999996,1.5
basoko,CD,2020-10-19 21:16:30,1.24,23.62,90,94,71.63599999999997,1.79
solovetskiy,,,,,,,,
coahuayana,MX,2020-10-19 21:16:30,18.73,-103.68,75,83,79.06999999999996,4.1
mandera,KE,2020-10-19 21:16:30,3.94,41.87,0,60,80.11400000000003,5.37
yuncheng,CN,2020-10-19 21:16:31,35.02,110.99,100,38,61.51999999999996,1.19
shu,KZ,2020-10-19 21:16:31,43.6,73.76,0,93,54.266000000000005,0.89
ostersund,SE,2020-10-19 21:16:31,63.18,14.64,82,86,30.46999999999996,1.5
burnie,AU,2020-10-19 21:14:38,-41.07,145.92,1,64,56.26400000000004,3.58
gamba,GA,2020-10-19 21:16:31,-2.65,10,100,89,76.892,3.23
bac lieu,VN,2020-10-19 21:16:31,9.29,105.72,92,82,81.06799999999998,2.45
bucerias,MX,2020-10-19 21:16:31,20.75,-105.33,40,83,85.26199999999996,3.1
vilyuysk,RU,2020-10-19 21:16:31,63.76,121.62,100,96,22.208000000000006,4.19
komarovo,RU,2020-10-19 21:16:32,60.18,29.82,97,92,35.27599999999999,1.34
alihe,CN,2020-10-19 21:16:32,50.57,123.72,100,74,39.596000000000046,1.83
krasnoselkup,RU,2020-10-19 21:16:32,65.7,82.47,100,97,20.227999999999962,4.02
dingzhou,CN,2020-10-19 21:16:32,38.51,115,100,87,50.26999999999996,1
guozhen,CN,2020-10-19 21:16:32,34.37,107.36,100,49,61.682000000000016,1.6
verkhnyaya inta,RU,2020-10-19 21:16:32,65.98,60.31,100,93,18.788000000000046,1.97
oussouye,SN,2020-10-19 21:16:32,12.48,-16.55,20,94,82.66999999999996,1
pachperwa,IN,2020-10-19 21:16:33,27.52,82.65,0,65,67.98200000000003,1.17
rimini,IT,2020-10-19 21:16:33,44.02,12.52,93,100,53.27599999999999,1.5
solsvik,,,,,,,,
lata,PT,2020-10-19 21:16:33,40.16,-8.33,100,93,63.266000000000005,1.09
tessalit,ML,2020-10-19 21:16:33,20.2,1.01,0,17,79.91600000000001,3.43
smithers,CA,2020-10-19 21:15:02,54.78,-127.17,40,80,35.86999999999996,1.15
chiusi,IT,2020-10-19 21:16:33,43.02,11.95,100,84,49.26199999999996,0.51
sao geraldo do araguaia,BR,2020-10-19 21:16:34,-6.4,-48.55,53,46,85.15399999999995,1.92
alotau,,,,,,,,
warqla,,,,,,,,
mapiripan,CO,2020-10-19 21:16:34,2.89,-72.13,81,71,79.44800000000004,1.33
lakes entrance,AU,2020-10-19 21:16:34,-37.88,147.98,0,56,67.26199999999996,3.13
talaya,RU,2020-10-19 21:16:34,61.38,152.75,96,91,19.49000000000002,2.25
xinzhou,CN,2020-10-19 21:16:34,38.41,112.73,100,38,55.13000000000004,0.91
portland,US,2020-10-19 21:16:08,45.52,-122.68,75,63,61.26799999999999,3.6
walvis bay,NA,2020-10-19 21:16:34,-22.96,14.51,0,87,56.26400000000004,3.6
kokkola,FI,2020-10-19 21:16:35,63.84,23.13,40,92,35.27599999999999,1.5
nouadhibou,MR,2020-10-19 21:16:35,20.93,-17.03,62,47,80.86999999999996,7.7
raudeberg,NO,2020-10-19 21:16:35,61.99,5.14,100,74,39.272000000000034,5.28
laguna de perlas,NI,2020-10-19 21:16:35,12.34,-83.67,100,83,80.36600000000001,3.72
sibenik,HR,2020-10-19 21:16:35,43.73,15.91,0,58,55.66999999999996,1
college,US,2020-10-19 21:16:35,64.86,-147.8,90,85,22.261999999999954,0.57
payo,ID,2020-10-19 21:16:35,-3.75,103.64,100,96,73.77799999999996,0.58
ati,TD,2020-10-19 21:16:35,13.22,18.34,0,23,84.57799999999997,2.93
liku,ID,2020-10-19 21:16:36,-0.73,119.89,100,62,84.27200000000005,1.24
manggar,ID,2020-10-19 21:16:36,-2.88,108.27,83,71,83.65999999999998,2.57
tabas,IR,2020-10-19 21:16:36,33.6,56.92,0,16,48.469999999999956,1.3
koslan,RU,2020-10-19 21:16:36,63.46,48.9,100,98,32.306000000000026,3.14
forssa,FI,2020-10-19 21:16:36,60.81,23.62,38,91,31.261999999999954,0.89
palora,EC,2020-10-19 21:16:36,-1.7,-77.93,94,95,66.36199999999997,1.38
hovd,MN,2020-10-19 21:16:36,48.01,91.64,0,82,25.609999999999978,1.09
puerto carreno,CO,2020-10-19 21:16:37,6.19,-67.49,20,82,80.22200000000004,1.63
seoul,KR,2020-10-19 21:12:04,37.57,126.98,1,82,57.469999999999956,0.73
san rafael,AR,2020-10-19 21:16:37,-34.62,-68.33,0,26,64.72400000000002,5.66
kangaatsiaq,GL,2020-10-19 21:16:37,68.31,-53.46,100,82,37.75999999999998,6.89
sunrise manor,US,2020-10-19 21:16:37,36.21,-115.07,1,8,91.66999999999996,0.4
santa maria,BR,2020-10-19 21:16:37,-29.68,-53.81,0,63,72.89600000000004,1.93
camacupa,AO,2020-10-19 21:16:37,-12.02,17.48,0,64,65.858,1.9
cap malheureux,MU,2020-10-19 21:16:38,-19.98,57.61,0,77,72.26600000000002,1.34
guamuchil,MX,2020-10-19 21:16:38,25.47,-108.1,0,67,87.27799999999996,1.79
port hedland,AU,2020-10-19 21:16:38,-20.32,118.57,0,65,82.66999999999996,5.1
mitsamiouli,KM,2020-10-19 21:16:38,-11.38,43.28,0,72,77.52200000000005,1.35
susanville,US,2020-10-19 21:13:38,40.42,-120.65,1,20,73.66999999999996,3.1
tabialan,,,,,,,,
sao felix do xingu,BR,2020-10-19 21:16:38,-6.64,-51.99,56,64,77.99000000000002,0.62
olavarria,AR,2020-10-19 21:16:38,-36.89,-60.32,0,59,54.266000000000005,2.24
disna,BY,2020-10-19 21:16:38,55.57,28.2,94,82,37.075999999999986,6.54
envira,BR,2020-10-19 21:16:39,-7.3,-70.22,96,93,73.58000000000004,1.31
port blair,IN,2020-10-19 21:16:39,11.67,92.75,89,82,81.98599999999996,6.73
copiapo,CL,2020-10-19 21:16:39,-27.37,-70.33,0,82,55.66999999999996,3.6
lasa,IT,2020-10-19 21:16:39,46.62,10.7,100,52,47.26400000000003,0.49
pisco,PE,2020-10-19 21:16:39,-13.7,-76.22,0,72,64.66999999999996,6.7
vanavara,RU,2020-10-19 21:16:39,60.34,102.28,100,96,24.44000000000002,6.34
franklin,US,2020-10-19 21:16:39,39.97,-83.02,90,100,59.26999999999996,1.94
alexandria,EG,2020-10-19 21:16:39,31.22,29.96,0,65,77.26999999999995,4.1
poanas,MX,2020-10-19 21:16:39,25.77,-103.62,5,15,88.06999999999996,2.06
egvekinot,RU,2020-10-19 21:16:39,66.32,-179.17,9,98,28.561999999999955,1.96
kurilsk,RU,2020-10-19 21:16:40,45.23,147.88,28,64,50.935999999999964,7.51
amagasaki,JP,2020-10-19 21:14:15,34.72,135.42,40,77,62.86999999999996,2.1
veraval,IN,2020-10-19 21:16:40,20.9,70.37,58,81,82.076,2.45
minuri,PH,2020-10-19 21:16:40,16.54,121.86,100,93,75.10999999999999,2.11
constitucion,CL,2020-10-19 21:16:40,-35.33,-72.42,98,59,54.71600000000001,6.14
rosarito,MX,2020-10-19 21:16:40,32.33,-117.03,20,78,71.86999999999996,3.1
beloha,MG,2020-10-19 21:16:41,-25.17,45.05,0,88,63.05,1.2
havoysund,NO,2020-10-19 21:16:41,71,24.66,75,100,34.06999999999996,3.1
macheng,CN,2020-10-19 21:16:41,31.18,115.03,100,67,61.03399999999999,1.03
darovskoy,RU,2020-10-19 21:16:41,58.77,47.96,97,88,36.193999999999974,2.9
san vito,CR,2020-10-19 21:16:41,8.82,-82.97,100,100,64.27400000000002,0.31
emba,KZ,2020-10-19 21:16:41,48.83,58.14,0,47,48.992,4.34
ewa beach,US,2020-10-19 21:16:41,21.32,-158.01,1,66,84.46999999999997,5.1
portree,GB,2020-10-19 21:16:41,57.41,-6.19,100,94,52.26799999999999,4.47
the valley,AI,2020-10-19 21:16:42,18.22,-63.06,20,69,82.66999999999996,3.6
diffa,NE,2020-10-19 21:16:42,13.32,12.61,0,14,85.08200000000002,3.41
wahran,,,,,,,,
ayan,RU,2020-10-19 21:16:42,56.45,138.17,0,78,30.91999999999996,5.64
kedrovyy,RU,2020-10-19 21:16:42,56.17,91.82,100,74,30.46999999999996,4
rio das ostras,BR,2020-10-19 21:16:42,-22.53,-41.95,20,78,73.66999999999996,8.2
escanaba,US,2020-10-19 21:16:42,45.75,-87.06,75,76,34.26799999999999,1.84
terra santa,BR,2020-10-19 21:16:42,-2.1,-56.49,48,45,83.42599999999999,0.86
puerto leguizamo,CO,2020-10-19 21:16:43,-0.19,-74.78,97,71,78.06199999999995,0.17
tonstad,NO,2020-10-19 21:16:43,58.66,6.72,100,93,46.274000000000015,2.68
port-cartier,CA,2020-10-19 21:16:43,50.03,-66.87,90,100,41.26999999999996,1.5
coria,ES,2020-10-19 21:16:43,39.99,-6.54,100,89,61.26799999999999,3.58
nguiu,,,,,,,,
kenora,CA,2020-10-19 21:16:43,49.82,-94.43,75,50,30.46999999999996,2.6
yabelo,ET,2020-10-19 21:16:43,4.88,38.08,85,90,59.684,1.67
aberdeen,GB,2020-10-19 21:16:43,57.14,-2.1,75,93,51.27799999999996,3.1
buluang,PH,2020-10-19 21:16:44,13.31,123.34,100,94,77.342,1.98
abomey,BJ,2020-10-19 21:16:44,7.18,1.99,100,98,72.82400000000001,2.38
guajara-mirim,,,,,,,,
matsanga,,,,,,,,
paamiut,GL,2020-10-19 21:16:44,61.99,-49.67,100,69,41.70199999999998,11.74
wajid,SO,2020-10-19 21:16:44,3.81,43.25,0,77,74.20999999999998,5.77
hendijan,,,,,,,,
daxian,,,,,,,,
manado,ID,2020-10-19 21:16:44,1.49,124.85,20,59,89.86999999999996,2.6
dawei,MM,2020-10-19 21:16:44,14.08,98.2,100,87,76.92799999999997,2.15
